<?xml version="1.0" encoding="utf-8"?>
<odoo>
    <data noupdate="0">
        <!-- Categorías y grupos de seguridad -->
        <record id="module_medical_partner_category" model="ir.module.category">
            <field name="name">Medical Partner</field>
        </record>

        <record id="group_medical_partner_user" model="res.groups">
            <field name="name">User</field>
            <field name="category_id" ref="module_medical_partner_category"/>
        </record>

        <record id="group_medical_partner_manager" model="res.groups">
            <field name="name">Manager</field>
            <field name="category_id" ref="module_medical_partner_category"/>
            <field name="implied_ids" eval="[(4, ref('group_medical_partner_user'))]"/>
            <field name="users" eval="[(4, ref('base.user_root')), (4, ref('base.user_admin'))]"/>
        </record>

        <!-- Reglas de acceso basadas en grupos en lugar de compañía -->
        <record model="ir.rule" id="medical_partner_rule">
            <field name="name">Medical Partner: Access Rule</field>
            <field name="model_id" ref="model_res_partner"/>
            <field name="global" eval="True"/>
            <field name="domain_force">[(1, '=', 1)]</field>
        </record>

        <record model="ir.rule" id="medical_appointment_rule">
            <field name="name">Medical Appointment: Access Rule</field>
            <field name="model_id" ref="model_cita_medica"/>
            <field name="global" eval="True"/>
            <field name="domain_force">[(1, '=', 1)]</field>
        </record>

        <record model="ir.rule" id="medical_doctor_rule">
            <field name="name">Medical Doctor: Access Rule</field>
            <field name="model_id" ref="model_inicio_medico"/>
            <field name="global" eval="True"/>
            <field name="domain_force">[(1, '=', 1)]</field>
        </record>
    </data>
</odoo>
