<?xml version="1.0" encoding="utf-8"?>
<odoo>
    <data>
        <!-- User Profile Groups -->
        <record id="group_user_profile_user" model="res.groups">
            <field name="name">User Profile / User</field>
            <field name="category_id" ref="base.module_category_hidden"/>
        </record>

        <record id="group_user_profile_manager" model="res.groups">
            <field name="name">User Profile / Manager</field>
            <field name="category_id" ref="base.module_category_hidden"/>
            <field name="implied_ids" eval="[(4, ref('group_user_profile_user'))]"/>
            <field name="users" eval="[(4, ref('base.user_root')), (4, ref('base.user_admin'))]"/>
        </record>

        <!-- Medical Profile Groups -->
        <record id="group_medical_user" model="res.groups">
            <field name="name">Medical / User</field>
            <field name="category_id" ref="base.module_category_hidden"/>
        </record>

        <record id="group_medical_manager" model="res.groups">
            <field name="name">Medical / Manager</field>
            <field name="category_id" ref="base.module_category_hidden"/>
            <field name="implied_ids" eval="[(4, ref('group_medical_user'))]"/>
            <field name="users" eval="[(4, ref('base.user_root')), (4, ref('base.user_admin'))]"/>
        </record>
    </data>
</odoo>
